Player,Age,Pos,Games Played,Games Started,Weight,Height,OYA
Israel Abanika,22,RB,0,0,216,5-11,376.3
Brandon Aiyuk,26,WR,7,7,200,6-0,376.3
Brandon Allen,32,QB,3,1,209,6-2,376.3
Evan Anderson,22,DL,12,1,326,6-3,376.3
Tre Avery,27,CB,0,0,185,5-11,376.3
Aaron Banks,27,OL,13,13,325,6-5,376.3
Alex Barrett,30,DL,3,0,250,6-2,376.3
Ben Bartch,26,OL,3,2,315,6-6,376.3
Robert Beal,25,DL,14,0,250,6-4,376.3
Tatum Bethune,23,LB,11,1,230,6-1,376.3
Nick Bosa,27,DL,14,14,266,6-4,376.3
Jake Brendel,32,OL,17,17,299,6-4,376.3
Ji'Ayir Brown,24,S,17,13,202,5-11,376.3
Spencer Burford,24,OL,15,0,300,6-4,376.3
De'Vondre Campbell,31,LB,13,12,232,6-4,376.3
Maliek Collins,29,DL,17,17,310,6-2,376.3
Chris Conley,32,WR,15,2,205,6-3,376.3
Jacob Cowing,23,WR,15,0,171,5-9,376.3
Kalia Davis,26,DL,13,0,310,6-2,376.3
Khalil Davis,28,DT,3,0,315,6-2,376.3
Joshua Dobbs,29,QB,2,1,220,6-3,376.3
Jordan Elliott,27,DL,15,13,303,6-4,376.3
Jon Feliciano,32,OL,0,0,325,6-4,376.3
Leonard Floyd,32,DL,17,17,240,6-3,376.3
Tashaun Gipson,34,S,9,0,212,5-11,376.3
Kevin Givens,27,DL,8,1,285,6-1,376.3
Jalen Graham,23,LB,8,0,220,6-3,376.3
Renardo Green,24,CB,17,7,186,6-0,376.3
Dre Greenlaw,27,LB,2,2,230,6-0,376.3
Yetur Gross-Matos,26,DL,11,0,265,6-5,376.3
Isaac Guerendo,24,RB,16,3,221,6-0,376.3
Javon Hargrave,31,DL,3,3,305,6-2,376.3
Charlie Heck,28,OL,2,2,315,6-8,376.3
Matt Hennessy,27,OL,2,0,295,6-4,376.3
Talanoa Hufanga,25,S,7,7,200,6-0,376.3
Drake Jackson,23,DL,0,0,273,6-4,376.3
Jauan Jennings,27,WR,15,10,212,6-3,376.3
Kyle Juszczyk,33,FB,17,15,235,6-2,376.3
George Kittle,31,TE,15,15,250,6-4,376.3
Deommodore Lenoir,25,DB,15,15,200,5-10,376.3
Darrell Luter,24,CB,3,0,190,6-0,376.3
Jordan Mason,25,RB,12,6,223,5-11,376.3
Christian McCaffrey,28,RB,4,4,210,5-11,376.3
Nick McCloud,26,CB,8,0,193,6-1,376.3
Colton McKivitz,28,OL,17,17,301,6-6,376.3
Elijah Mitchell,26,RB,0,0,200,5-10,376.3
Jake Moody,25,K,14,0,210,6-1,376.3
Jaylon Moore,26,OL,15,5,311,6-4,376.3
Malik Mustapha,22,S,16,12,206,5-10,376.3
Pat O'Donnell,33,P,8,0,223,6-4,376.3
George Odum,31,S,12,2,202,6-1,376.3
Sam Okuayinonu,26,DL,16,3,269,6-1,376.3
Ricky Pearsall,24,WR,11,4,189,6-3,376.3
Taybor Pepper,30,LS,17,0,245,6-4,376.3
Austen Pleasants,27,OL,3,0,330,6-7,376.3
Dominick Puni,24,OL,17,17,313,6-5,376.3
Brock Purdy,25,QB,15,15,220,6-1,376.3
Curtis Robinson,26,LB,3,0,235,6-3,376.3
Deebo Samuel,28,WR,15,15,215,6-0,376.3
Eric Saubert,30,TE,17,3,248,6-5,376.3
Patrick Taylor,26,RB,13,1,217,6-2,376.3
Jake Tonges,25,TE,16,0,240,6-4,376.3
Charvarius Ward,28,CB,12,12,196,6-1,376.3
Fred Warner,28,LB,17,17,230,6-3,376.3
DaShaun White,24,LB,1,0,225,6-0,376.3
Trent Williams,36,OT,10,10,320,6-5,376.3
Brayden Willis,25,TE,10,0,240,6-4,376.3
Dee Winters,24,LB,15,10,227,5-11,376.3
Mitch Wishnowsky,32,P,9,0,220,6-2,376.3
Rock Ya-Sin,28,CB,13,0,195,5-11,376.3
Isaac Yiadom,28,CB,17,5,232,6-1,376.3
Nick Zakelj,25,OL,17,2,316,6-6,376.3
Isaac Alarcon (FRES),26,OL,0,0,320,6-7,376.3
Russell Gage (FRES),28,WR,0,0,184,6-0,376.3
Jonathan Garvin (FRES),25,DL,0,0,257,6-4,376.3
Sebastian Gutierrez (FRES),26,T,1,0,308,6-6,376.3
Isaiah Hodgins (FRES),26,WR,0,0,200,6-3,376.3
Tarron Jackson (FRES),26,DL,0,0,254,6-2,376.3
Quindell Johnson (FRES),25,S,0,0,208,6-2,376.3
Zack Johnson (FRES),31,OL,0,0,301,6-6,376.3
Chase Lucas (FRES),27,CB,0,0,184,5-11,376.3
Jaylen Mahoney (FRES),24,S,3,0,200,5-11,376.3
Jalen McKenzie (FRES),25,T,0,0,315,6-5,376.3
Tanner Mordecai (FRES),25,QB,0,0,218,6-2,376.3
Drake Nugent (FRES),23,OL,0,0,298,6-1,376.3
Terique Owens (FRES),25,WR,0,0,193,6-3,376.3
Mason Pline (FRES),24,TE,0,0,254,6-6,376.3
Trent Taylor (FRES),30,WR,2,0,178,5-8,376.3
Josh Allen,28,QB,17,17,237,6-5,359.1
Alec Anderson,25,T,17,4,305,6-5,359.1
Joe Andreessen,24,LB,13,1,232,6-1,359.1
Tyler Bass,27,K,17,0,183,5-10,359.1
Christian Benford,24,CB,15,15,205,6-1,359.1
Terrel Bernard,25,LB,13,13,224,6-1,359.1
Cole Bishop,22,S,16,4,207,6-2,359.1
Spencer Brown,26,T,15,15,311,6-6,359.1
Shane Buechele,26,QB,0,0,210,6-0,359.1
DeWayne Carter,24,DT,11,3,305,6-3,359.1
Travis Clayton,23,OT,0,0,301,6-7,359.1
Brandon Codrington,24,DB,17,0,185,5-9,359.1
Keon Coleman,21,WR,13,12,215,6-4,359.1
James Cook,25,RB,16,16,190,5-11,359.1
Amari Cooper,30,WR,8,4,211,6-1,359.1
Ray Davis,25,RB,17,0,220,5-8,359.1
Dion Dawkins,30,T,16,16,320,6-5,359.1
Rasul Douglas,29,CB,15,15,209,6-2,359.1
David Edwards,27,G,16,16,308,6-6,359.1
Kaiir Elam,23,CB,13,4,191,6-1,359.1
A.J. Epenesa,26,DE,17,13,260,6-6,359.1
Reid Ferguson,30,LS,17,0,235,6-2,359.1
Reggie Gilliam,27,FB,15,0,244,6-0,359.1
Tylan Grable,25,OT,4,1,309,6-5,359.1
Damar Hamlin,26,S,14,14,200,6-0,359.1
Mack Hollins,31,WR,17,13,221,6-4,359.1
Ja'Marcus Ingram,27,CB,17,1,190,6-2,359.1
Quinton Jefferson,31,DT,7,0,290,6-4,359.1
Austin Johnson,30,DT,15,1,314,6-4,359.1
Taron Johnson,28,CB,12,12,192,5-11,359.1
Ty Johnson,27,RB,17,1,210,5-10,359.1
DaQuan Jones,33,DT,16,16,320,6-4,359.1
Dalton Kincaid,25,TE,13,9,240,6-4,359.1
Dawson Knox,28,TE,16,13,254,6-4,359.1
Cameron Lewis,27,DB,17,6,183,5-9,359.1
Sam Martin,34,P,17,0,211,6-1,359.1
Connor McGovern,27,G,16,16,318,6-5,359.1
Matt Milano,30,LB,4,4,223,6-0,359.1
Von Miller,35,LB,13,0,250,6-3,359.1
Quintin Morris,25,TE,16,3,252,6-2,359.1
Ed Oliver,27,DT,14,14,287,6-1,359.1
Jordan Phillips,32,DT,7,0,330,6-6,359.1
Taylor Rapp,27,S,14,14,208,6-0,359.1
Gregory Rousseau,24,DE,16,16,266,6-6,359.1
Curtis Samuel,28,WR,14,2,195,5-11,359.1
Khalil Shakir,24,WR,15,9,190,6-0,359.1
Dawuane Smoot,29,DE,11,4,264,6-3,359.1
Javon Solomon,23,DE,14,0,247,6-1,359.1
Baylon Spector,26,LB,11,4,233,6-0,359.1
O'Cyrus Torrence,24,G,17,16,347,6-5,359.1
Mitchell Trubisky,30,QB,9,0,222,6-3,359.1
Edefuan Ulofoshio,24,LB,4,1,239,6-1,359.1
Ryan Van Demark,26,T,14,2,307,6-6,359.1
Sedrick Van Pran-Granger,23,OL,16,1,310,6-4,359.1
Mike White,29,QB,1,0,216,6-5,359.1
Dorian Williams,23,LB,17,11,230,6-2,359.1
Jake Camarda (FRES),25,P,0,0,193,6-1,359.1
Te'Cory Couch (FRES),25,DB,0,0,175,5-10,359.1
Zach Davidson (FRES),26,TE,2,0,251,6-7,359.1
Branson Deen (FRES),24,DT,1,0,280,6-2,359.1
Mike Edwards (FRES),26,OL,0,0,363,6-5,359.1
Frank Gore (FRES),22,RB,0,0,195,5-8,359.1
Richard Gouraige (FRES),26,OT,1,0,306,6-5,359.1
KJ Hamler (FRES),25,WR,0,0,178,5-9,359.1
Daequan Hardy (FRES),23,CB,0,0,178,5-9,359.1
Zion Logue (FRES),23,DT,2,0,314,6-6,359.1
Armani Rogers (FRES),27,TE,0,0,225,6-5,359.1
Tyrell Shavers (FRES),25,WR,3,0,211,6-4,359.1
Jalen Virgil (FRES),26,WR,7,0,210,6-1,359.1
De'Von Achane,23,RB,17,16,188,5-9,325.4
Terron Armstead,33,T,15,15,305,6-5,325.4
Jake Bailey,27,P,17,0,212,6-2,325.4
Quinton Bell,28,LB,17,3,255,6-4,325.4
Braxton Berrios,29,WR,6,0,185,5-9,325.4
Ethan Bonner,25,CB,5,0,186,6-1,325.4
Tyus Bowser,29,OLB,7,4,250,6-3,325.4
Aaron Brewer,27,OL,17,17,295,6-1,325.4
Jordyn Brooks,27,LB,17,17,240,6-0,325.4
Cam Brown,26,LB,0,0,230,6-5,325.4
Calais Campbell,38,DT,17,17,307,6-8,325.4
Elijah Campbell,29,DB,17,1,200,5-11,325.4
Jackson Carman,24,T,8,1,322,6-5,325.4
Bradley Chubb,28,LB,0,0,268,6-4,325.4
Tanner Conner,26,TE,8,1,232,6-3,325.4
River Cracraft,30,WR,8,0,198,6-0,325.4
Braeden Daniels,24,OL,0,0,297,6-4,325.4
Matt Dickerson,29,DE,4,0,298,6-5,325.4
Tyrel Dodson,26,LB,8,3,237,6-0,325.4
Grant Dubose,23,WR,3,0,201,6-2,325.4
Storm Duck,24,CB,14,3,195,6-0,325.4
Liam Eichenberg,26,OL,17,14,302,6-6,325.4
D'Wayne Eskridge,27,WR,6,0,190,5-9,325.4
Erik Ezukanma,24,WR,2,0,206,6-2,325.4
Blake Ferguson,27,LS,5,0,230,6-3,325.4
Cameron Goode,26,LB,3,0,245,6-3,325.4
Da'Shawn Hand,29,DT,17,2,302,6-3,325.4
Julian Hill,24,TE,16,11,251,6-4,325.4
Tyreek Hill,30,WR,17,17,191,5-10,325.4
Jevon Holland,24,S,15,15,205,6-1,325.4
Tyler Huntley,26,QB,5,5,205,6-1,325.4
Alec Ingold,28,FB,15,10,232,6-1,325.4
Austin Jackson,25,OL,8,8,315,6-5,325.4
Benito Jones,27,DT,17,15,335,6-1,325.4
Robert Jones,25,OL,17,17,321,6-4,325.4
Mohamed Kamara,25,LB,5,0,253,6-1,325.4
Kader Kohou,26,CB,15,9,197,5-10,325.4
Kendall Lamm,32,T,15,7,308,6-5,325.4
Patrick McMorris,23,S,6,0,206,6-0,325.4
Jake McQuaide,37,LS,3,0,247,6-2,325.4
Andrew Meyer,24,OL,0,0,295,6-3,325.4
Grayson Murphy,24,LB,0,0,260,6-2,325.4
Siran Neal,30,CB,17,0,206,6-0,325.4
Emmanuel Ogbah,31,LB,16,16,275,6-4,325.4
Patrick Paul,23,OT,17,3,332,6-7,325.4
Jaelan Phillips,25,LB,4,3,263,6-5,325.4
Jordan Poyer,33,S,16,16,191,6-0,325.4
Jalen Ramsey,30,CB,17,17,208,6-1,325.4
Duke Riley,30,LB,17,2,227,6-1,325.4
Chop Robinson,21,LB,17,1,254,6-3,325.4
Jason Sanders,29,K,17,0,195,5-11,325.4
Anthony Schwartz,24,WR,0,0,195,6-0,325.4
Zach Sieler,29,DT,15,15,300,6-6,325.4
Cam Smith,24,CB,6,0,186,6-1,325.4
Jonnu Smith,29,TE,17,6,248,6-3,325.4
Kion Smith,26,T,0,0,300,6-5,325.4
Jack Stoll,26,TE,4,0,247,6-4,325.4
Tua Tagovailoa,26,QB,11,11,225,6-1,325.4
Channing Tindall,24,LB,11,0,236,6-2,325.4
Jaylen Waddle,26,WR,15,15,185,5-10,325.4
Anthony Walker,29,LB,14,8,235,6-1,325.4
Malik Washington,23,WR,14,3,191,5-8,325.4
Tahj Washington,23,WR,0,0,174,5-10,325.4
Jeff Wilson,29,RB,9,0,205,6-0,325.4
Jaylen Wright,21,RB,15,1,210,5-10,325.4
Isaiah Wynn,29,OL,6,3,305,6-2,325.4
Tarik Black (FRES),26,WR,0,0,217,6-3,325.4
William Bradley-King (FRES),27,LB,0,0,265,6-4,325.4
Jordan Colbert (FRES),24,S,0,0,214,6-2,325.4
Neil Farrell (FRES),26,DT,7,0,325,6-4,325.4
Ryan Hayes (FRES),24,T,1,0,303,6-6,325.4
Chasen Hines (FRES),24,OL,0,0,335,6-3,325.4
Dequan Jackson (FRES),25,LB,0,0,255,6-1,325.4
Isaiah Johnson (FRES),24,CB,0,0,205,6-3,325.4
Jason Maitre (FRES),24,CB,0,0,188,5-10,325.4
Bayron Matos (FRES),24,OT,0,0,334,6-7,325.4
Derrick McLendon (FRES),24,LB,0,0,250,6-4,325.4
Hayden Rucci (FRES),23,TE,0,0,247,6-5,325.4
Davante Adams,32,WR,11,11,215,6-1,310.3
Tony Adams,25,S,15,11,203,5-11,310.3
Braelon Allen,20,RB,17,2,235,6-1,310.3
Zaire Barnes,25,LB,0,0,227,6-1,310.3
Jarrick Bernard-Converse,24,CB,7,0,205,6-1,310.3
Michael Carter II,25,CB,13,1,184,5-10,310.3
Irvin Charles,27,WR,13,0,219,6-4,310.3
Jimmy Ciarlo,23,LB,0,0,225,6-2,310.3
Chuck Clark,29,S,12,12,209,6-0,310.3
Micheal Clemons,27,DL,17,17,263,6-5,310.3
Tyler Conklin,29,TE,16,15,248,6-3,310.3
Malachi Corley,22,WR,9,1,215,5-11,310.3
Ashtyn Davis,28,S,15,1,202,6-1,310.3
Isaiah Davis,22,RB,17,0,220,6-1,310.3
Jamin Davis,26,LB,0,0,234,6-3,310.3
Brandin Echols,27,CB,16,4,179,5-10,310.3
Samuel Eguavoen,31,LB,17,1,236,6-1,310.3
Olumuyiwa Fashanu,22,OL,15,7,312,6-6,310.3
Leki Fotu,26,DT,2,1,335,6-5,310.3
Sauce Gardner,24,CB,15,15,190,6-3,310.3
Xavier Gipson,23,WR,17,0,189,5-9,310.3
Breece Hall,23,RB,16,16,217,5-11,310.3
Jake Hanson,27,OL,12,2,303,6-4,310.3
Bruce Hector,30,DL,6,0,296,6-2,310.3
Thomas Hennessy,30,LS,17,0,246,6-2,310.3
Jermaine Johnson II,25,LB,2,2,254,6-5,310.3
Greg Joseph,30,K,1,0,206,6-0,310.3
Javon Kinlaw,27,DT,17,17,319,6-5,310.3
Allen Lazard,29,WR,12,10,227,6-5,310.3
Phidarian Mathis,26,DT,0,0,312,6-4,310.3
Marcelino McCrary-Ball,25,LB,12,0,214,6-0,310.3
Will McDonald,25,DE,17,15,236,6-4,310.3
Braiden McGregor,23,DE,7,0,267,6-6,310.3
Jalen Mills,30,S,9,8,200,6-0,310.3
Max Mitchell,25,OL,10,2,307,6-6,310.3
Jarius Monroe,24,S,5,0,205,6-2,310.3
Thomas Morstead,38,P,17,0,225,6-4,310.3
Morgan Moses,33,OL,14,14,318,6-6,310.3
C.J. Mosley,32,LB,4,3,231,6-2,310.3
Xavier Newman-Johnson,25,OL,9,0,297,6-2,310.3
Kene Nwangwu,26,RB,2,0,210,6-1,310.3
Isaiah Oliver,28,CB,17,7,202,6-0,310.3
Haason Reddick,30,LB,10,2,240,6-1,310.3
D.J. Reed,28,CB,14,14,188,5-9,310.3
Aaron Rodgers,41,QB,17,17,223,6-2,310.3
Jeremy Ruckert,24,TE,17,9,250,6-5,310.3
Wes Schweitzer,31,OL,4,0,300,6-4,310.3
Kendall Sheffield,28,CB,6,0,212,5-10,310.3
Jamien Sherwood,24,LB,17,16,216,6-2,310.3
Jaylin Simpson,24,S,0,0,179,5-11,310.3
John Simpson,27,OL,17,17,330,6-4,310.3
Tyron Smith,34,OL,10,10,320,6-5,310.3
Qwan'tez Stiggers,22,CB,14,1,197,6-0,310.3
Chazz Surratt,27,LB,17,5,233,6-2,310.3
Leonard Taylor,25,DL,14,0,305,6-3,310.3
Malik Taylor,29,WR,0,0,220,6-1,310.3
Tyrod Taylor,35,QB,2,0,217,6-1,310.3
Solomon Thomas,29,DL,16,1,295,6-3,310.3
Joe Tippmann,23,C,17,17,313,6-6,310.3
Jordan Travis,24,QB,0,0,200,6-1,310.3
Alijah Vera-Tucker,25,G,15,15,308,6-5,310.3
Carter Warren,25,T,6,1,311,6-5,310.3
Eric Watts,24,DL,14,0,277,6-5,310.3
Quincy Williams,28,LB,17,17,230,5-11,310.3
Quinnen Williams,27,DL,16,16,303,6-3,310.3
Garrett Wilson,24,WR,17,17,183,6-0,310.3
Kenny Yeboah,26,TE,9,1,250,6-4,310.3
Greg Zuerlein,37,K,8,0,195,6-0,310.3
Zack Bailey (FRES),29,OL,1,0,299,6-5,310.3
Andrew Beck (FRES),28,FB,0,0,255,6-3,310.3
Anders Carlson (FRES),26,K,5,0,219,6-5,310.3
Zach Evans (FRES),23,RB,0,0,211,5-11,310.3
Obinna Eze (FRES),26,OL,0,0,325,6-8,310.3
Neal Johnson (FRES),23,TE,0,0,250,6-4,310.3
Zonovan Knight (FRES),23,RB,0,0,209,5-11,310.3
Zack Kuntz (FRES),25,TE,1,0,251,6-8,310.3
Kohl Levao (FRES),26,OL,0,0,324,6-5,310.3
Adrian Martinez (FRES),24,QB,0,0,220,6-2,310.3
Jackson Sirmon (FRES),24,LB,0,0,240,6-2,310.3
Brandon Smith (FRES),26,WR,1,0,220,6-2,310.3
Tre Swilling (FRES),25,DB,1,0,196,6-0,310.3
Ontaria Wilson (FRES),,WR,0,0,175,6-0,310.3
Easop Winston (FRES),28,WR,0,0,190,6-0,310.3
David Andrews,32,C,4,4,300,6-2,291.9
Jake Andrews,25,C,0,0,308,6-3,291.9
Alex Austin,23,CB,9,3,191,6-1,291.9
Javon Baker,22,WR,11,1,202,6-1,291.9
Bryce Baringer,25,P,17,0,215,6-2,291.9
Christian Barmore,25,DT,4,0,315,6-5,291.9
Miles Battle,24,CB,1,0,196,6-3,291.9
Jaheim Bell,23,TE,15,0,241,6-2,291.9
Ja'Whaun Bentley,28,LB,2,2,250,6-2,291.9
Isaiah Bolden,25,CB,14,0,205,6-2,291.9
Kendrick Bourne,29,WR,12,9,205,6-1,291.9
Kayshon Boutte,22,WR,15,13,197,5-11,291.9
Jacoby Brissett,32,QB,8,5,235,6-4,291.9
Ben Brown,26,C,10,10,313,6-5,291.9
Joe Cardona,32,LS,16,0,245,6-2,291.9
Lester Cotton,28,G,3,0,330,6-4,291.9
Marcellas Dial,24,DB,17,1,190,6-0,291.9
Demario Douglas,24,WR,17,7,192,5-8,291.9
Kyle Dugger,28,S,13,13,216,6-1,291.9
Daniel Ekuale,30,DT,16,16,310,6-3,291.9
Christian Elliss,25,LB,16,5,231,6-2,291.9
Antonio Gibson,26,RB,17,3,228,6-0,291.9
Davon Godchaux,30,DT,17,17,330,6-3,291.9
Christian Gonzalez,22,CB,16,16,205,6-1,291.9
Jamycal Hasty,28,RB,15,0,205,5-8,291.9
Jaylinn Hawkins,27,S,17,7,208,6-1,291.9
Hunter Henry,30,TE,16,16,249,6-5,291.9
Austin Hooper,30,TE,17,8,254,6-4,291.9
JaQuae Jackson,24,WR,0,0,184,6-1,291.9
Curtis Jacobs,22,LB,9,2,241,6-1,291.9
Demontrey Jacobs,26,OT,15,13,315,6-6,291.9
Anfernee Jennings,27,LB,16,16,255,6-2,291.9
Terrell Jennings,23,RB,3,0,217,6-0,291.9
Eric Johnson,26,DT,11,0,299,6-4,291.9
Jonathan Jones,31,CB,17,14,185,5-9,291.9
Marcus Jones,26,CB,14,9,188,5-8,291.9
Truman Jones,24,DE,1,0,250,6-3,291.9
Titus Leo,25,LB,4,0,245,6-3,291.9
Vederian Lowe,25,T,14,13,315,6-5,291.9
Marte Mapu,25,S,10,9,230,6-3,291.9
Drake Maye,22,QB,13,12,225,6-4,291.9
Joe Milton,24,QB,1,0,246,6-5,291.9
Michael Onwenu,27,OL,17,17,350,6-3,291.9
Jabrill Peppers,29,S,6,6,217,5-11,291.9
Dell Pettus,23,S,17,1,200,5-11,291.9
Jeremiah Pharms,28,DT,16,5,300,6-2,291.9
Ja'Lynn Polk,22,WR,15,7,203,6-1,291.9
Monty Rice,25,OLB,3,1,233,6-0,291.9
Layden Robinson,23,G,13,11,311,6-3,291.9
Tyrese Robinson,25,G,1,0,317,6-3,291.9
Jaquelin Roy,24,DT,6,1,305,6-3,291.9
Brenden Schooler,27,S,17,0,210,6-2,291.9
Joey Slye,28,K,17,0,213,5-11,291.9
Lecitus Smith,26,C,8,1,314,6-3,291.9
Sidy Sow,26,G,12,1,318,6-5,291.9
Rhamondre Stevenson,26,RB,15,14,227,6-0,291.9
Cole Strange,26,G,3,2,310,6-5,291.9
Jahlani Tavai,28,LB,17,16,255,6-2,291.9
Caedan Wallace,24,T,6,2,314,6-5,291.9
Jack Westover,25,TE,3,0,245,6-2,291.9
Keion White,25,DE,17,13,285,6-5,291.9
Deatrich Wise Jr.,30,DE,15,5,280,6-5,291.9
Oshane Ximines,28,OLB,2,0,254,6-4,291.9
Marcus Harris (FRES),24,DT,0,0,295,6-3,291.9
D.J. James (FRES),23,CB,0,0,170,6-0,291.9
John Jiles (FRES),24,WR,0,0,205,6-3,291.9
Caleb Jones (FRES),25,T,0,0,370,6-9,291.9
Andrew Parker (FRES),25,LB,0,0,226,5-11,291.9
Mark Perry (FRES),23,S,0,0,213,6-0,291.9
Giovanni Ricci (FRES),28,TE,0,0,240,6-3,291.9
John Parker Romo (FRES),27,K,0,0,188,5-11,291.9
Azeez Al-Shaair,27,LB,11,11,228,6-2,319.7
Will Anderson,23,DE,14,14,243,6-4,319.7
Denico Autry,34,DE,10,2,285,6-5,319.7
Derek Barnett,28,DE,16,1,259,6-3,319.7
Kris Boyd,28,CB,17,0,201,5-11,319.7
Nick Broeker,24,G,9,0,305,6-5,319.7
British Brooks,25,RB,5,0,225,5-11,319.7
Myles Bryant,26,CB,11,0,192,5-9,319.7
Calen Bullock,21,S,17,13,190,6-3,319.7
Nico Collins,25,WR,12,12,222,6-4,319.7
Austin Deculus,25,OT,1,0,321,6-5,319.7
Tank Dell,25,WR,14,10,165,5-10,319.7
Stefon Diggs,31,WR,8,8,191,6-0,319.7
Mario Edwards,30,DT,13,12,280,6-3,319.7
Ka'imi Fairbairn,30,K,17,0,183,6-0,319.7
Folorunso Fatukasi,29,DT,11,11,318,6-4,319.7
Blake Fisher,21,T,15,5,312,6-6,319.7
Kendrick Green,26,OL,17,1,310,6-3,319.7
Kenyon Green,23,G,12,9,325,6-4,319.7
Jake Hansen,26,LB,16,2,230,6-1,319.7
Christian Harris,23,LB,3,3,232,6-2,319.7
LaDarius Henderson,23,G,0,0,309,6-4,319.7
Neville Hewitt,31,LB,17,4,234,6-2,319.7
Brandon Hill,24,S,0,0,195,5-11,319.7
Jamal Hill,23,LB,8,0,227,6-0,319.7
Kurt Hinish,25,DT,10,0,296,6-1,319.7
Ka'dar Hollman,30,CB,7,1,196,6-0,319.7
Dylan Horton,24,DE,13,0,275,6-4,319.7
Tytus Howard,28,T,16,16,322,6-5,319.7
Jerry Hughes,36,DE,7,0,254,6-2,319.7
Danielle Hunter,30,DE,17,17,263,6-5,319.7
Xavier Hutchinson,24,WR,16,3,210,6-3,319.7
Brevin Jordan,24,TE,2,1,245,6-3,319.7
Dalton Keene,25,TE,0,0,251,6-4,319.7
Case Keenum,36,QB,0,0,215,6-1,319.7
Kamari Lassiter,21,CB,14,14,180,6-0,319.7
Shaq Mason,31,G,15,15,310,6-1,319.7
John Metchie,24,WR,13,3,195,6-0,319.7
Davis Mills,26,QB,4,0,225,6-4,319.7
Joe Mixon,28,RB,14,14,220,6-1,319.7
Eric Murray,30,S,17,14,199,5-11,319.7
Dare Ogunbowale,30,RB,17,1,205,5-10,319.7
Jeff Okudah,25,CB,6,0,205,6-1,319.7
Jarrett Patterson,25,OL,15,9,310,6-4,319.7
Del'Shawn Phillips,28,LB,17,0,230,6-2,319.7
Dameon Pierce,24,RB,11,0,215,5-10,319.7
Jalen Pitre,25,S,12,12,200,6-0,319.7
Teagan Quitoriano,24,TE,7,4,258,6-6,319.7
D'Angelo Ross,28,CB,10,2,190,5-9,319.7
Dalton Schultz,28,TE,17,13,242,6-5,319.7
Juice Scruggs,24,OL,13,13,310,6-3,319.7
Tim Settle,27,DT,17,11,313,6-3,319.7
Irv Smith Jr.,26,TE,5,1,240,6-2,319.7
M.J. Stewart,29,S,15,0,205,5-11,319.7
Derek Stingley Jr.,23,CB,17,17,195,6-1,319.7
Cade Stover,24,TE,15,9,251,6-4,319.7
C.J. Stroud,23,QB,17,17,218,6-3,319.7
Jaylon Thomas,24,T,0,0,311,6-3,319.7
Zachary Thomas,26,OT,6,0,305,6-5,319.7
Henry To'oTo'o,23,LB,15,15,228,6-2,319.7
Tommy Togiai,25,DT,8,0,296,6-2,319.7
Tommy Townsend,28,P,17,0,191,6-1,319.7
Laremy Tunsil,30,T,17,17,313,6-5,319.7
Jimmie Ward,33,S,10,10,193,5-11,319.7
Jared Wayne,24,WR,3,0,210,6-3,319.7
Jon Weeks,38,LS,17,0,242,5-10,319.7
Devin White,26,LB,7,1,237,6-0,319.7
Robert Woods,32,WR,15,4,193,6-0,319.7
Tucker Addington (FRES),27,LS,0,0,230,6-2,319.7
Tremayne Anchrum (FRES),26,G,0,0,314,6-2,319.7
Anthony Averett (FRES),30,CB,0,0,178,5-11,319.7
Solomon Byrd (FRES),25,DE,1,0,255,6-3,319.7
Jerome Carvin (FRES),24,OG,0,0,308,6-3,319.7
Kearis Jackson (FRES),25,WR,0,0,196,5-11,319.7
Johnny Johnson (FRES),25,WR,0,0,199,6-1,319.7
Xavier Johnson (FRES),25,WR,0,0,204,6-1,319.7
Kingsley Jonathan (FRES),26,DE,0,0,260,6-4,319.7
Jawhar Jordan (FRES),25,RB,0,0,186,5-10,319.7
Gregory Junior (FRES),25,CB,0,0,190,6-0,319.7
Jayden Peevy (FRES),25,DT,0,0,308,6-5,319.7
Kedon Slovis (FRES),23,QB,0,0,223,6-2,319.7
J.J. Taylor (FRES),26,RB,5,0,185,5-6,319.7
Russ Yeast (FRES),25,S,1,0,191,5-10,319.7
Adetomiwa Adebawore,23,DT,16,0,282,6-2,334.8
Mo Alie-Cox,31,TE,17,13,267,6-5,334.8
Julian Blackmon,26,S,16,16,202,6-0,334.8
Tanor Bortolini,22,G,12,5,303,6-4,334.8
Julius Brents,24,CB,2,1,198,6-3,334.8
Taven Bryan,28,DT,17,6,291,6-4,334.8
DeForest Buckner,30,DT,12,11,295,6-7,334.8
Jaylon Carlies,23,LB,10,6,227,6-3,334.8
Ryan Coll,23,C,0,0,324,6-5,334.8
Nick Cross,23,S,17,17,212,6-0,334.8
Raekwon Davis,27,DT,17,0,325,6-7,334.8
Trevor Denbow,26,S,8,0,208,5-10,334.8
Josh Downs,23,WR,14,8,171,5-9,334.8
Ashton Dulin,27,WR,15,2,215,6-2,334.8
Samson Ebukam,29,DE,0,0,245,6-3,334.8
Sam Ehlinger,26,QB,0,0,225,6-2,334.8
Joe Flacco,39,QB,8,6,230,6-6,334.8
Zaire Franklin,28,LB,17,17,235,6-0,334.8
Blake Freeland,23,T,9,0,302,6-6,334.8
Wesley French,28,C,0,0,307,6-4,334.8
Will Fries,26,G,5,5,305,6-6,334.8
Matt Gay,30,K,16,0,232,6-0,334.8
Mark Glowinski,32,G,5,5,310,6-4,334.8
Matt Goncalves,23,T,17,8,317,6-6,334.8
Tyler Goodson,24,RB,16,0,197,5-9,334.8
Anthony Gould,23,WR,8,0,174,5-8,334.8
Kylen Granson,26,TE,17,6,242,6-3,334.8
Ronnie Harrison,27,S,10,0,207,6-2,334.8
Jaylon Jones,22,CB,17,17,203,6-2,334.8
Ryan Kelly,31,C,10,10,307,6-4,334.8
Isaiah Land,24,DE,10,0,225,6-4,334.8
Laiatu Latu,24,DE,17,1,265,6-5,334.8
Tyquan Lewis,29,DE,10,4,267,6-3,334.8
David Long,26,CB,13,0,196,5-11,334.8
Will Mallory,25,TE,10,0,239,6-4,334.8
Cameron McGrone,24,LB,9,0,236,6-1,334.8
Adonai Mitchell,22,WR,17,7,205,6-2,334.8
Kenny Moore,29,CB,15,15,190,5-9,334.8
Quenton Nelson,28,G,17,17,330,6-5,334.8
Dayo Odeyingbo,25,DE,17,14,286,6-6,334.8
Andrew Ogletree,26,TE,17,6,260,6-5,334.8
Segun Olubi,25,LB,17,0,225,6-0,334.8
Kwity Paye,26,DE,15,15,265,6-3,334.8
Alec Pierce,24,WR,16,13,211,6-3,334.8
Danny Pinter,28,C,14,2,301,6-4,334.8
Michael Pittman Jr.,27,WR,16,14,223,6-4,334.8
Bernhard Raimann,27,T,14,14,303,6-6,334.8
Luke Rhodes,32,LS,17,0,238,6-2,334.8
Anthony Richardson,22,QB,11,11,244,6-4,334.8
Rigoberto Sanchez,30,P,17,0,195,6-0,334.8
Daniel Scott,26,S,0,0,208,6-1,334.8
Trey Sermon,25,RB,17,3,215,6-0,334.8
Braden Smith,28,T,12,12,312,6-6,334.8
E.J. Speed,29,LB,15,15,227,6-4,334.8
Grover Stewart,31,DT,17,17,314,6-4,334.8
Grant Stuard,26,LB,17,5,230,5-11,334.8
Jonathan Taylor,25,RB,14,13,226,5-10,334.8
Rodney Thomas II,26,S,17,1,196,6-1,334.8
Dalton Tucker,24,G,14,7,307,6-6,334.8
Juwann Winfree,28,WR,0,0,210,6-1,334.8
Samuel Womack,25,CB,17,8,189,5-10,334.8
Jelani Woods,26,TE,0,0,253,6-7,334.8
Tre Flowers (PRA_),29,CB,1,0,200,6-3,334.8
Salvon Ahmed (FRES),26,RB,0,0,197,5-11,334.8
Austin Ajiake (FRES),24,LB,0,0,223,6-1,334.8
Ajou Ajou (FRES),22,WR,0,0,220,6-4,334.8
Liam Anderson (FRES),24,LB,3,0,226,6-3,334.8
Jason Bean (FRES),25,QB,0,0,196,6-2,334.8
Marcel Dabo (FRES),24,S,0,0,208,6-0,334.8
Alex Johnson (FRES),24,CB,0,0,185,6-0,334.8
Atonio Mafi (FRES),24,G,3,0,330,6-3,334.8
Sean McKeon (FRES),27,TE,0,0,255,6-5,334.8
D.J. Montgomery (FRES),28,WR,0,0,201,6-1,334.8
Durell Nchami (FRES),24,DE,0,0,258,6-4,334.8
Albert Okwuegbunam (FRES),26,TE,0,0,258,6-5,334.8
Pheldarius Payne (FRES),24,DT,0,0,275,6-3,334.8
Jacob Phillips (FRES),25,OLB,0,0,228,6-3,334.8
Josh Sills (FRES),26,G,0,0,325,6-6,334.8
Luke Tenuta (FRES),25,T,0,0,314,6-6,334.8
Laquon Treadwell (FRES),29,WR,2,0,215,6-2,334.8
Jack Wilson (FRES),,T,0,0,310,6-11,334.8
Yasir Abdullah,24,LB,14,3,240,6-1,306.2
Arik Armstead,31,DE,17,1,290,6-7,306.2
C.J. Beathard,31,QB,0,0,215,6-2,306.2
Tank Bigsby,23,RB,16,1,215,5-11,306.2
Montaric Brown,25,CB,17,10,190,6-0,306.2
Tyson Campbell,24,CB,12,12,195,6-1,306.2
Andre Cisco,24,S,16,14,210,6-0,306.2
Ezra Cleveland,26,OL,15,15,312,6-6,306.2
Myles Cole,24,DE,8,0,278,6-6,306.2
Logan Cooke,29,P,17,0,230,6-5,306.2
Ronald Darby,30,CB,13,12,193,5-11,306.2
Gabriel Davis,25,WR,10,9,225,6-2,306.2
Josiah Deguara,27,TE,15,0,238,6-2,306.2
De'Shaan Dixon,26,DE,0,0,247,6-4,306.2
Devin Duvernay,27,WR,13,1,202,5-11,306.2
Evan Engram,30,TE,9,9,240,6-3,306.2
Travis Etienne,25,RB,15,15,215,5-10,306.2
Luke Farrell,27,TE,17,8,250,6-5,306.2
Luke Fortner,26,OL,17,0,307,6-4,306.2
Javon Foster,24,OL,4,0,313,6-6,306.2
Joe Giles-Harris,27,LB,2,0,234,6-2,306.2
DaVon Hamilton,27,DT,17,14,335,6-4,306.2
Blake Hance,28,OL,9,1,310,6-5,306.2
Anton Harrison,22,OL,16,16,315,6-4,306.2
Josh Hines-Allen,27,DE,16,16,255,6-5,306.2
Cooper Hodges,24,OL,9,1,305,6-4,306.2
Jordan Jefferson,23,DT,8,0,316,6-2,306.2
Antonio Johnson,23,S,17,8,198,6-2,306.2
Caleb Johnson,26,LB,17,0,220,6-2,306.2
D'Ernest Johnson,28,RB,14,1,208,5-10,306.2
Jarrian Jones,23,CB,17,4,190,5-11,306.2
Mac Jones,26,QB,10,7,220,6-3,306.2
Tim Jones,26,WR,17,0,200,6-1,306.2
Christian Kirk,28,WR,8,7,200,5-11,306.2
Tyler Lacy,25,DT,13,8,279,6-4,306.2
Trevor Lawrence,25,QB,10,10,220,6-6,306.2
Jeremiah Ledbetter,30,DT,15,3,299,6-3,306.2
Cam Little,21,K,17,0,180,6-1,306.2
Walker Little,25,OL,15,8,325,6-7,306.2
Devin Lloyd,26,LB,16,16,235,6-3,306.2
Ross Matiscik,28,LS,17,0,240,6-0,306.2
Ventrell Miller,25,LB,15,9,232,6-0,306.2
Mitch Morse,32,OL,17,17,305,6-6,306.2
Chad Muma,25,LB,17,3,239,6-3,306.2
Foyesade Oluokun,29,LB,13,13,230,6-2,306.2
Esezi Otomewo,26,DT,4,2,282,6-5,306.2
Deantre Prince,24,CB,10,0,183,6-0,306.2
Louis Rees-Zammit,23,WR,0,0,209,6-2,306.2
Josh Reynolds,29,WR,4,1,192,6-3,306.2
Keilan Robinson,24,RB,6,0,191,5-8,306.2
Darnell Savage Jr.,27,S,13,13,198,5-11,306.2
Brandon Scherff,33,OL,17,17,315,6-5,306.2
Maason Smith,22,DT,11,5,306,6-5,306.2
Brenton Strange,24,TE,17,10,253,6-4,306.2
Brian Thomas,22,WR,17,16,209,6-3,306.2
Daniel Thomas,26,S,15,0,215,5-10,306.2
Cole Van Lanen,26,OL,9,3,312,6-5,306.2
Travon Walker,24,DE,17,17,272,6-5,306.2
Parker Washington,22,WR,17,7,204,5-10,306.2
David White,24,WR,0,0,201,6-2,306.2
Andrew Wingard,28,S,8,2,200,6-0,306.2
John Wolford,29,QB,0,0,218,6-1,306.2
Shawn Bowman (FRES),24,TE,0,0,249,6-4,306.2
Christian Braswell (FRES),25,CB,3,0,185,5-11,306.2
Joshua Cephus (FRES),23,WR,1,0,193,6-2,306.2
Dennis Daley (FRES),28,OL,0,0,325,6-6,306.2
Dieter Eiselen (FRES),28,OL,0,0,300,6-4,306.2
Zech McPhearson (FRES),26,CB,0,0,191,5-11,306.2
Austin Trammell (FRES),26,WR,1,0,185,5-10,306.2
Chidobe Awuzie,29,CB,8,7,202,6-0,304.2
Darrell Baker,26,CB,17,9,190,6-1,304.2
Jerome Baker,28,LB,5,3,232,6-2,304.2
Tyler Boyd,30,WR,16,8,203,6-2,304.2
Kendell Brooks,24,S,5,0,206,6-0,304.2
Mike Brown,25,S,17,4,218,6-1,304.2
Jarvis Brownlee,23,CB,17,14,194,5-10,304.2
Daniel Brunskill,30,OL,17,10,300,6-5,304.2
Logan Bruss,26,OG,3,0,317,6-5,304.2
Treylon Burks,24,WR,5,2,225,6-2,304.2
Chance Campbell,25,LB,0,0,232,6-2,304.2
Julius Chestnut,24,RB,17,0,228,5-11,304.2
Keondre Coburn,24,DL,15,1,332,6-2,304.2
Morgan Cox,38,LS,17,0,233,6-4,304.2
Lloyd Cushenberry III,27,C,8,8,315,6-4,304.2
Marlon Davidson,26,DT,0,0,303,6-3,304.2
Quandre Diggs,31,FS,8,8,197,5-9,304.2
Colton Dowell,25,WR,0,0,212,6-3,304.2
Khalid Duke,23,OLB,2,0,246,6-3,304.2
Jaelyn Duncan,24,OT,5,3,306,6-6,304.2
Nick Folk,40,K,14,0,225,6-1,304.2
Ali Gaye,26,OLB,15,0,265,6-6,304.2
Jack Gibbens,26,LB,10,5,242,6-3,304.2
Luke Gifford,29,LB,16,4,243,6-3,304.2
Cedric Gray,22,LB,7,0,234,6-2,304.2
Arlington Hambright,28,G,4,0,300,6-5,304.2
Justin Hardee,30,CB,9,0,200,6-1,304.2
Jaylen Harrell,22,OLB,17,0,247,6-4,304.2
Amani Hooker,26,S,14,14,210,5-11,304.2
Jha'Quan Jackson,24,WR,12,0,188,5-9,304.2
Sebastian Joseph-Day,29,DL,17,12,310,6-4,304.2
Joshua Kelley,27,RB,3,0,212,5-11,304.2
Arden Key,28,OLB,16,15,240,6-5,304.2
Mason Kinsey,26,WR,6,0,200,5-11,304.2
Harold Landry,28,OLB,17,17,252,6-2,304.2
JC Latham,21,OT,17,17,342,6-6,304.2
Corey Levin,30,OL,10,1,307,6-4,304.2
Will Levis,25,QB,12,12,229,6-4,304.2
James Lynch,25,DL,17,0,295,6-4,304.2
Tay Martin,27,WR,1,0,185,6-3,304.2
David Martin-Robinson,25,TE,5,2,247,6-3,304.2
Roger McCreary,24,CB,15,7,190,5-11,304.2
TK McLendon,24,DE,0,0,275,6-4,304.2
Raekwon McMillan,29,LB,2,0,250,6-2,304.2
Kenneth Murray,26,LB,14,14,241,6-2,304.2
John Ojukwu,25,OL,11,4,309,6-5,304.2
Chigoziem Okonkwo,25,TE,17,11,238,6-3,304.2
Bryce Oliver,24,WR,10,1,214,6-1,304.2
Nicholas Petit-Frere,25,OL,15,10,316,6-5,304.2
Tony Pollard,27,RB,16,16,209,6-0,304.2
Dillon Radunz,26,OL,15,15,301,6-6,304.2
Otis Reese,26,LB,13,2,214,6-3,304.2
Calvin Ridley,30,WR,17,14,190,6-1,304.2
Mason Rudolph,29,QB,8,5,235,6-5,304.2
Andrew Rupcich,25,OL,7,0,318,6-6,304.2
Jeffery Simmons,27,DT,16,16,305,6-4,304.2
Peter Skoronski,23,OL,17,17,313,6-4,304.2
L'Jarius Sneed,27,CB,5,5,192,6-1,304.2
Tyjae Spears,23,RB,12,1,195,5-11,304.2
Ryan Stonehouse,25,P,17,0,193,5-10,304.2
T'Vondre Sweat,23,NT,17,16,366,6-4,304.2
Nick Vannett,31,TE,17,10,257,6-5,304.2
Garret Wallow,25,LB,0,0,230,6-2,304.2
Nick Westbrook-Ikhine,27,WR,17,9,211,6-2,304.2
Josh Whyle,25,TE,17,4,248,6-6,304.2
James Williams,21,LB,13,1,231,6-4,304.2
Daryl Worley,29,CB,9,7,210,6-1,304.2
Julius Wood (SUS),23,S,9,0,193,6-1,304.2
McTelvin Agim (FRES),27,DT,0,0,300,6-3,304.2
Abdullah Anderson (FRES),28,DL,4,0,295,6-4,304.2
Curtis Bolton (FRES),29,LB,0,0,228,6-0,304.2
Chandler Brewer (FRES),27,OT,1,0,320,6-6,304.2
Isaiah Iton (FRES),23,DL,0,0,277,6-2,304.2
Gabe Jeudy-Lally (FRES),23,CB,4,0,189,6-1,304.2
Kyron Johnson (FRES),26,LB,0,0,235,6-0,304.2
Stanley Morgan Jr. (FRES),28,WR,0,0,205,6-0,304.2
Thomas Odukoya (FRES),27,TE,2,0,253,6-6,304.2
Gervarrius Owens (FRES),25,S,2,0,200,6-0,304.2
Isaiah Prince (FRES),27,T,1,0,305,6-7,304.2
Jabari Small (FRES),22,RB,0,0,198,5-9,304.2
Nelson Agholor,31,WR,14,7,200,6-0,424.9
Rasheen Ali,23,RB,6,0,212,5-11,424.9
Mark Andrews,29,TE,17,13,250,6-5,424.9
Jalyn Armour-Davis,25,CB,7,2,197,6-1,424.9
Rashod Bateman,25,WR,17,14,195,6-1,424.9
Chris Board,29,LB,17,1,240,6-2,424.9
Beau Brade,22,S,11,0,209,6-0,424.9
Ben Cleveland,26,G,17,0,360,6-6,424.9
Daniel Faalele,25,T,17,17,380,6-6,424.9
Zay Flowers,24,WR,17,15,175,5-9,424.9
Kyle Hamilton,23,S,17,17,220,6-4,424.9
Malik Hamm,24,OLB,0,0,254,6-3,424.9
Malik Harrison,26,LB,15,7,255,6-3,424.9
Deonte Harty,27,WR,5,0,170,5-6,424.9
Derrick Henry,30,RB,17,17,247,6-2,424.9
Justice Hill,27,RB,15,0,195,5-10,424.9
Marlon Humphrey,28,CB,16,16,203,6-0,424.9
Adisa Isaac,23,OLB,4,0,253,6-4,424.9
Lamar Jackson,27,QB,17,17,205,6-2,424.9
Diontae Johnson,28,WR,4,1,183,5-10,424.9
Josh Johnson,38,QB,6,0,214,6-3,424.9
Josh Jones,27,OL,16,0,339,6-5,424.9
Travis Jones,25,DT,17,15,338,6-4,424.9
Sanoussi Kane,23,S,15,0,210,5-11,424.9
Charlie Kolar,25,TE,13,3,267,6-6,424.9
Isaiah Likely,24,TE,16,9,247,6-4,424.9
Tyler Linderbaum,24,C,17,17,314,6-2,424.9
Nnamdi Madubuike,27,DT,17,17,305,6-3,424.9
Christian Matthew,28,CB,0,0,197,6-2,424.9
Arthur Maulet,31,CB,3,0,190,5-9,424.9
Patrick Mekari,27,OL,17,17,305,6-4,424.9
Keaton Mitchell,22,RB,5,0,191,5-8,424.9
Nick Moore,32,LS,17,0,260,6-2,424.9
Trayvon Mullen,27,CB,0,0,194,6-2,424.9
David Ojabo,24,OLB,13,0,252,6-4,424.9
Odafe Oweh,26,OLB,17,10,255,6-5,424.9
Michael Pierce,32,NT,11,1,355,6-0,424.9
Patrick Ricard,30,FB,17,6,300,6-3,424.9
Tavius Robinson,25,OLB,17,7,262,6-6,424.9
Roger Rosengarten,22,OT,17,14,316,6-5,424.9
Nick Samac,23,C,0,0,314,6-4,424.9
Trenton Simpson,23,LB,17,13,235,6-2,424.9
Steven Sims,27,WR,2,0,176,5-10,424.9
Roquan Smith,27,LB,16,16,230,6-1,424.9
Ronnie Stanley,30,T,17,17,310,6-6,424.9
Brandon Stephens,27,DB,17,17,215,6-1,424.9
Jordan Stout,26,P,17,0,209,6-3,424.9
T.J. Tampa,22,CB,7,0,199,6-1,424.9
Justin Tucker,35,K,17,0,191,6-1,424.9
Brent Urban,33,DL,13,0,309,6-7,424.9
Kyle Van Noy,33,OLB,16,13,255,6-3,424.9
Andrew Vorhees,25,OL,15,3,320,6-6,424.9
Devontez Walker,23,WR,9,0,198,6-1,424.9
Tylan Wallace,25,WR,17,0,202,5-11,424.9
Ar'Darius Washington,25,S,17,10,180,5-8,424.9
Broderick Washington Jr.,28,DT,15,5,315,6-2,424.9
Kristian Welch,26,LB,9,1,240,6-3,424.9
Tre'Davious White,29,CB,7,0,196,5-9,424.9
Nate Wiggins,21,CB,15,6,182,6-1,424.9
Marcus Williams,28,S,11,9,204,6-1,424.9
Owen Wright,25,RB,0,0,217,5-9,424.9
Qadir Ismail (PRA_),27,TE,0,0,215,6-6,424.9
Corey Bullock (FRES),23,OT,0,0,314,6-3,424.9
Malik Cunningham (FRES),26,WR,0,0,186,6-1,424.9
Darrian Dalcourt (FRES),24,G,0,0,320,6-3,424.9
Keith Kirkwood (FRES),30,WR,0,0,210,6-3,424.9
William Kwenkeu (FRES),27,LB,2,0,235,6-1,424.9
Devin Leary (FRES),25,QB,0,0,216,6-1,424.9
Anthony Miller (FRES),30,WR,2,0,190,5-11,424.9
Zaire Mitchell-Paden (FRES),25,TE,0,0,257,6-5,424.9
Adedayo Odeleye (FRES),27,DE,0,0,271,6-5,424.9
CJ Okoye (FRES),23,DT,0,0,315,6-6,424.9
C.J. Ravenell (FRES),24,DE,0,0,292,6-5,424.9
Dayton Wade (FRES),24,WR,0,0,184,5-9,424.9
Montravius Adams,29,DT,11,0,304,6-4,319.4
Kyle Allen,28,QB,1,0,210,6-3,319.4
Calvin Anderson,28,OT,4,0,305,6-5,319.4
Spencer Anderson,24,OL,17,4,305,6-5,319.4
Calvin Austin III,25,WR,17,8,162,5-9,319.4
Keeanu Benton,23,DL,17,14,309,6-4,319.4
Beanie Bishop,25,CB,17,6,182,5-9,319.4
Chris Boswell,33,K,17,0,185,6-2,319.4
James Daniels,27,OL,4,4,327,6-4,319.4
DeShon Elliott,27,S,15,14,210,6-0,319.4
Troy Fautanu,24,OT,1,1,317,6-4,319.4
Justin Fields,25,QB,10,6,227,6-3,319.4
Minkah Fitzpatrick,28,S,17,17,207,6-1,319.4
Zach Frazier,23,C,15,15,310,6-3,319.4
Pat Freiermuth,26,TE,17,11,258,6-5,319.4
Najee Harris,26,RB,17,17,242,6-1,319.4
C.J. Henderson,26,CB,0,0,205,6-1,319.4
Nate Herbig,26,G,0,0,334,6-4,319.4
Nick Herbig,23,LB,13,5,240,6-2,319.4
Cameron Heyward,35,DT,17,17,295,6-5,319.4
Connor Heyward,25,TE,17,5,230,6-0,319.4
Alex Highsmith,27,LB,11,11,242,6-4,319.4
Cole Holcomb,28,LB,0,0,240,6-1,319.4
Donte Jackson,29,CB,15,15,180,5-10,319.4
Van Jefferson,28,WR,17,12,200,6-1,319.4
Cameron Johnston,32,P,1,0,194,5-11,319.4
Broderick Jones,23,OT,17,16,311,6-5,319.4
Damontae Kazee,31,S,15,1,174,5-11,319.4
Miles Killebrew,31,S,17,0,222,6-2,319.4
Christian Kuntz,30,LS,17,0,228,6-1,319.4
DeMarvin Leal,24,DE,5,0,290,6-4,319.4
Logan Lee,24,DT,0,0,286,6-5,319.4
Isaiahh Loudermilk,27,DT,16,0,293,6-7,319.4
Dean Lowry,30,DT,12,1,296,6-6,319.4
Tyler Matakevich,32,LB,11,0,235,6-1,319.4
Ryan McCollum,26,C,17,2,300,6-5,319.4
Mason McCormick,24,G,17,14,315,6-5,319.4
Jeremiah Moon,26,LB,13,1,247,6-5,319.4
Dan Moore,26,OT,17,17,315,6-5,319.4
Larry Ogunjobi,30,DT,15,12,305,6-3,319.4
Cordarrelle Patterson,33,RB,13,1,220,6-2,319.4
George Pickens,23,WR,14,12,200,6-3,319.4
James Pierre,28,CB,15,2,185,6-2,319.4
Joey Porter Jr.,24,CB,16,16,193,6-2,319.4
MyCole Pruitt,32,TE,12,5,258,6-2,319.4
Patrick Queen,25,LB,17,17,232,6-0,319.4
Elandon Roberts,30,LB,17,14,238,6-1,319.4
Mark Robinson,25,LB,17,0,235,5-11,319.4
Max Scharping,28,G,2,0,325,6-6,319.4
Isaac Seumalo,31,G,13,13,303,6-4,319.4
Ben Skowronek,27,WR,10,1,224,6-3,319.4
Cameron Sutton,29,CB,9,2,188,5-11,319.4
Cory Trice,24,CB,6,1,206,6-3,319.4
Corliss Waitman,29,P,16,0,210,6-2,319.4
Jaylen Warren,26,RB,15,0,215,5-8,319.4
Darnell Washington,23,TE,17,9,264,6-7,319.4
T.J. Watt,30,LB,17,17,252,6-4,319.4
Ryan Watts,23,DB,0,0,212,6-3,319.4
Mike Williams,30,WR,9,2,218,6-4,319.4
Payton Wilson,24,LB,17,4,242,6-4,319.4
Roman Wilson,23,WR,1,0,186,5-10,319.4
Russell Wilson,36,QB,11,11,206,5-11,319.4
Joshuah Bledsoe (FRES),26,DB,0,0,207,5-11,319.4
Dylan Cook (FRES),26,OT,0,0,305,6-6,319.4
Domenique Davis (FRES),28,DT,0,0,326,6-2,319.4
Zyon Gilbert (FRES),25,CB,0,0,193,6-0,319.4
Devin Harper (FRES),26,LB,0,0,238,6-0,319.4
Evan Hull (FRES),24,RB,0,0,209,5-10,319.4
D'Shawn Jamison (FRES),25,CB,0,0,186,5-9,319.4
Brandon Johnson (FRES),26,WR,3,0,195,6-2,319.4
Steven Jones (FRES),24,G,0,0,342,6-5,319.4
Eku Leota (FRES),25,LB,1,0,252,6-3,319.4
Cameron McCutcheon (FRES),24,DB,0,0,200,6-1,319.4
Lance McCutcheon (FRES),25,WR,0,0,202,6-3,319.4
Kyler McMichael (FRES),24,CB,0,0,210,6-0,319.4
Doug Nester (FRES),24,OG,0,0,306,6-6,319.4
Thomas Rush (FRES),24,OLB,0,0,251,6-3,319.4
Aaron Shampklin (FRES),25,RB,3,0,195,5-10,319.4
Jacob Slade (FRES),24,DT,0,0,305,6-4,319.4
Skylar Thompson (FRES),27,QB,0,0,210,6-2,319.4
Jonathan Ward (FRES),27,RB,4,0,202,6-0,319.4
Cal Adomitis,26,LS,17,0,238,6-2,365.5
Erick All,24,TE,9,6,253,6-5,365.5
Tycen Anderson,25,S,17,0,209,6-2,365.5
Daijahn Anthony,24,S,13,0,195,6-0,365.5
Joe Bachie,26,LB,12,0,235,6-2,365.5
Jordan Battle,24,S,17,6,210,6-1,365.5
Vonn Bell,30,S,17,11,205,5-11,365.5
Chase Brown,24,RB,16,10,211,5-10,365.5
Orlando Brown Jr.,28,OT,11,11,345,6-8,365.5
Trent Brown,31,OT,3,3,380,6-8,365.5
Jake Browning,28,QB,3,0,209,6-2,365.5
Joe Burrow,28,QB,17,17,215,6-4,365.5
Jermaine Burton,23,WR,14,1,200,6-0,365.5
Alex Cappa,29,G,17,17,310,6-6,365.5
Ja'Marr Chase,24,WR,17,16,201,6-0,365.5
Devin Cochran,26,OT,9,1,310,6-7,365.5
Akeem Davis-Gaither,27,LB,17,7,228,6-2,365.5
Chris Evans,27,RB,0,0,215,5-11,365.5
Cody Ford,28,G,16,9,329,6-3,365.5
Mike Gesicki,29,TE,17,3,252,6-6,365.5
Cam Grandy,24,TE,8,6,253,6-5,365.5
Trey Hendrickson,30,DE,17,17,270,6-4,365.5
Khalil Herbert,26,RB,8,1,212,5-9,365.5
Shaka Heyward,24,LB,6,0,238,6-3,365.5
Tee Higgins,25,WR,12,9,219,6-4,365.5
B.J. Hill,29,DT,15,15,311,6-3,365.5
Daxton Hill,24,CB,5,5,191,6-0,365.5
Mike Hilton,30,CB,16,10,184,5-9,365.5
Sam Hubbard,29,DE,14,14,265,6-5,365.5
Tanner Hudson,30,TE,11,0,239,6-5,365.5
Andrei Iosivas,25,WR,17,8,205,6-3,365.5
DJ Ivey,24,CB,11,0,192,6-1,365.5
McKinnley Jackson,23,DT,13,1,331,6-2,365.5
Kris Jenkins,23,DT,15,9,305,6-3,365.5
Cedric Johnson,22,DE,9,0,260,6-3,365.5
Charlie Jones,26,WR,8,0,183,6-0,365.5
Ted Karras,31,C,17,17,310,6-4,365.5
Jaxson Kirkland,26,G,2,0,328,6-7,365.5
Matt Lee,23,C,17,1,301,6-4,365.5
Tanner McLachlan,25,TE,2,0,244,6-5,365.5
Evan McPherson,25,K,12,0,185,5-11,365.5
Kendall Milton,22,RB,2,0,232,6-1,365.5
Amarius Mims,22,OT,15,13,340,6-8,365.5
Zack Moss,27,RB,8,6,215,5-10,365.5
Myles Murphy,22,DE,13,0,270,6-5,365.5
Josh Newton,24,CB,17,6,190,5-11,365.5
Maema Njongmeta,23,LB,17,1,230,6-0,365.5
Joseph Ossai,24,DE,17,3,263,6-4,365.5
Germaine Pratt,28,LB,17,17,250,6-3,365.5
Sheldon Rankins,30,DT,7,7,305,6-2,365.5
Ryan Rehkow,26,P,17,0,235,6-4,365.5
Lance Robinson,24,CB,0,0,185,5-10,365.5
Cameron Sample,25,DE,0,0,272,6-3,365.5
Drew Sample,28,TE,17,15,255,6-5,365.5
D'Ante Smith,26,OT,0,0,309,6-5,365.5
Geno Stone,25,S,17,17,210,5-11,365.5
Andrew Stueber,25,OT,7,0,338,6-7,365.5
Cam Taylor-Britt,25,CB,17,17,202,5-11,365.5
Isaiah Thomas,26,DE,0,0,266,6-5,365.5
Jay Tufele,25,DT,13,3,305,6-3,365.5
DJ Turner,24,CB,11,6,180,5-11,365.5
Cordell Volson,26,G,17,15,315,6-6,365.5
Isaiah Williams,23,WR,6,0,186,5-10,365.5
Trayveon Williams,27,RB,17,0,206,5-8,365.5
Logan Wilson,28,LB,11,11,245,6-2,365.5
Marco Wilson,25,CB,6,0,191,6-0,365.5
Cade York,23,K,5,0,206,6-1,365.5
Micah Abraham (FRES),24,CB,0,0,185,5-10,365.5
Gary Brightwell (FRES),25,RB,0,0,220,6-1,365.5
Nate Brooks (FRES),28,CB,0,0,192,6-0,365.5
Cole Burgess (FRES),24,WR,0,0,198,6-1,365.5
Andrew Coker (FRES),23,OT,0,0,315,6-7,365.5
Jalen Davis (FRES),28,CB,2,0,190,5-10,365.5
Raymond Johnson (FRES),26,DE,0,0,260,6-3,365.5
PJ Jules (FRES),23,S,0,0,203,6-0,365.5
Jaylen Key (FRES),24,S,0,0,210,6-2,365.5
Tashawn Manning (FRES),26,G,0,0,335,6-3,365.5
Kendric Pryor (FRES),26,WR,1,0,189,5-11,365.5
Mitchell Tinsley (FRES),25,WR,0,0,205,6-1,365.5
Craig Young (FRES),23,LB,0,0,226,6-3,365.5
Hakeem Adeniji,27,T,0,0,315,6-4,300.8
Jordan Akins,32,TE,17,6,245,6-4,300.8
Chigozie Anusiem,24,CB,1,0,200,6-1,300.8
Brenden Bates,25,TE,2,0,255,6-5,300.8
D'Anthony Bell,28,S,17,1,211,6-1,300.8
David Bell,24,WR,1,0,212,6-1,300.8
Joel Bitonio,33,G,17,17,320,6-4,300.8
Corey Bojorquez,28,P,17,0,217,6-0,300.8
Jowon Briggs,23,DT,6,0,313,6-1,300.8
Tony Brown,29,DB,6,0,200,6-0,300.8
Devin Bush Jr.,26,LB,16,10,235,5-11,300.8
Geron Christian,28,OT,4,0,315,6-5,300.8
Nick Chubb,29,RB,8,8,227,5-11,300.8
Jack Conklin,30,T,12,12,308,6-6,300.8
Kaden Davis,26,WR,1,0,193,6-1,300.8
Grant Delpit,26,S,16,16,208,6-3,300.8
Mohamoud Diabate,23,LB,13,11,225,6-4,300.8
Michael Dunn,30,G,13,3,315,6-5,300.8
Michael Dwumfour,26,DT,1,0,296,6-1,300.8
Chris Edmonds,23,DB,2,0,210,6-2,300.8
Martin Emerson,24,CB,17,15,201,6-2,300.8
Jerome Ford,25,RB,14,6,210,5-10,300.8
Mike Ford,29,CB,17,0,195,6-0,300.8
D'Onta Foreman,28,RB,11,3,235,6-0,300.8
Myles Garrett,29,DE,17,17,272,6-4,300.8
Michael Hall,21,DT,8,3,300,6-3,300.8
Myles Harden,23,CB,4,0,195,5-11,300.8
Nick Harris,26,C,5,2,293,6-1,300.8
Shelby Harris,33,DT,14,13,288,6-2,300.8
Ronnie Hickman,23,S,14,5,209,6-1,300.8
Jordan Hicks,32,LB,12,12,235,6-1,300.8
Dustin Hopkins,34,K,16,0,210,6-2,300.8
James Houston,26,DE,3,0,245,6-1,300.8
James Hudson,25,T,4,3,313,6-5,300.8
Khaleke Hudson,27,OLB,16,0,220,6-0,300.8
Charley Hughlett,34,LS,5,0,248,6-4,300.8
Maurice Hurst Jr.,29,DT,8,2,290,6-2,300.8
Germain Ifedi,30,OG,15,7,325,6-5,300.8
Jerry Jeudy,25,WR,17,16,195,6-1,300.8
Dawand Jones,23,T,10,8,374,6-8,300.8
Sam Kamara,27,DE,11,1,272,6-0,300.8
John Kelly,28,RB,0,0,205,5-10,300.8
Isaiah McGuire,23,DE,16,3,268,6-4,300.8
Rodney McLeod,34,S,17,5,185,5-10,300.8
Cameron Mitchell,23,CB,17,1,191,5-11,300.8
Elijah Moore,24,WR,17,13,180,5-10,300.8
Greg Newsome II,24,CB,13,3,192,6-0,300.8
David Njoku,28,TE,11,11,246,6-4,300.8
Ogbonnia Okoronkwo,29,DE,16,5,250,6-2,300.8
Jeremiah Owusu-Koramoah,25,LB,8,8,221,6-2,300.8
Ethan Pocic,29,C,16,16,320,6-6,300.8
James Proche,28,WR,9,0,193,5-11,300.8
Winston Reid,25,OLB,16,3,225,6-0,300.8
Pierre Strong,26,RB,14,0,215,5-11,300.8
Rex Sunahara,28,LS,12,0,242,6-6,300.8
Geoff Swaim,31,TE,8,2,260,6-4,300.8
Wyatt Teller,30,G,13,13,315,6-4,300.8
Cameron Thomas,24,DE,5,0,267,6-4,300.8
Dorian Thompson-Robinson,25,QB,7,2,203,6-2,300.8
Juan Thornhill,29,S,11,11,205,6-0,300.8
Jamari Thrash,24,WR,9,0,190,6-0,300.8
Cedric Tillman,24,WR,11,6,215,6-3,300.8
Dalvin Tomlinson,30,DT,16,16,325,6-3,300.8
Denzel Ward,27,CB,16,16,190,5-11,300.8
Deshaun Watson,29,QB,7,7,223,6-3,300.8
Nathaniel Watson,24,LB,14,1,233,6-0,300.8
Blake Whiteheart,24,TE,11,2,247,6-4,300.8
Jedrick Wills Jr.,25,T,5,4,307,6-4,300.8
Jameis Winston,30,QB,12,7,230,6-4,300.8
Michael Woods II,24,WR,5,2,204,6-1,300.8
Alex Wright,24,DE,4,0,267,6-5,300.8
Luke Wypler,23,C,0,0,303,6-3,300.8
Bailey Zappe,25,QB,1,1,215,6-1,300.8
Zak Zinter,23,G,17,3,310,6-6,300.8
Javion Cohen (FRES),22,G,1,0,322,6-4,300.8
Trey Dean (FRES),24,S,0,0,200,6-2,300.8
Troy Hairston (FRES),26,FB,0,0,245,5-11,300.8
Marcus Haynes (FRES),26,LB,0,0,240,6-4,300.8
Ralph Holley (FRES),25,DT,0,0,285,6-1,300.8
Brady Latham (FRES),,G,0,0,312,6-5,300.8
Roy Mbaeteka (FRES),24,OT,0,0,330,6-6,300.8
Tre' McKitty (FRES),25,TE,0,0,246,6-4,300.8
Julian Pearl (FRES),25,T,0,0,325,6-6,300.8
Elerson Smith (FRES),26,DE,2,0,245,6-7,300.8
Andre Szmyt (FRES),26,K,0,0,200,6-0,300.8
Lorenzo Thompson (FRES),24,OL,0,0,305,6-6,300.8